Address,City,State,Latitude,Longitude
2030 21ST ST NW,ALTOONA,IA,41.67222,-93.48256
120 ADVENTURELAND DR NE,ALTOONA,IA,41.66261,-93.46394
1910 ISAAC NEWTON DR,AMES,IA,42.00856,-93.58731
204 S DUFF AVE,AMES,IA,42.02167,-93.61027
320 NW 36TH ST,ANKENY,IA,41.76115,-93.60368
202 SE ORALABOR RD,ANKENY,IA,41.70339,-93.59687
2312 STATE ST,BETTENDORF,IA,41.52573,-90.49988
6910 MIDDLE RD,BETTENDORF,IA,41.59301,-90.46202
2283 53RD AVE,BETTENDORF,IA,41.57449,-90.50023
3510 BELMONT RD,BETTENDORF,IA,41.55636,-90.48284
1001 UTICA RIDGE PL,BETTENDORF,IA,41.55558,-90.51863
5007 53RD AVE,BETTENDORF,IA,41.57464,-90.46295
4183 HIGHWAY 21,BROOKLYN,IA,41.69181,-92.35729
205 N MARYVILLE ST,CALMAR,IA,43.18423,-91.86469
803 7TH AVE,CAMANCHE,IA,41.7875,-90.25722
4515 CONEFLOWER PKWY,CEDAR FALLS,IA,42.49775,-92.44306
7500 NORDIC DR,CEDAR FALLS,IA,42.4704,-92.44708
2019 COLLEGE ST,CEDAR FALLS,IA,42.51896,-92.45622
4116 UNIVERSITY AVE STE 104 105,CEDAR FALLS,IA,42.50611,-92.40611
124 COLLINS RD NE STE C,CEDAR RAPIDS,IA,42.02694,-91.62277
3730 WILLIAMS BLVD SW,CEDAR RAPIDS,IA,41.95528,-91.72157
251 33RD AVE SW,CEDAR RAPIDS,IA,41.94492,-91.6678
1900 16TH AVE SW,CEDAR RAPIDS,IA,41.96299,-91.69941
4201 16TH AVE SW,CEDAR RAPIDS,IA,41.96274,-91.7272
8835 RUNWAY CT SW,CEDAR RAPIDS,IA,41.8918,-91.67398
1001 BLAIRS FERRY RD NE,CEDAR RAPIDS,IA,42.03424,-91.65003
4141 CENTER POINT RD NE,CEDAR RAPIDS,IA,42.02128,-91.66587
2846 MOUNT VERNON RD SE,CEDAR RAPIDS,IA,41.97694,-91.62388
605 GILBERT ST,CHARLES CITY,IA,43.06442,-92.67955
1510 S GRAND AVE,CHARLES CITY,IA,43.04749,-92.67189
3205 WILLOW CREEK CT,CLEAR LAKE,IA,43.14583,-93.34888
1006 N 20TH ST,CLEAR LAKE,IA,43.14543,-93.36422
2321 LINCOLN WAY,CLINTON,IA,41.81468,-90.24127
249 MAIN AVE,CLINTON,IA,41.87317,-90.1831
911 S 14TH ST,CLINTON,IA,41.83581,-90.21829
16050 HICKMAN RD,CLIVE,IA,41.61455,-93.83989
330 2ND AVE SE,CRESCO,IA,43.37134,-92.11202
100 W 65TH ST,DAVENPORT,IA,41.58574,-90.57342
2850 W LOCUST ST,DAVENPORT,IA,41.53838,-90.61916
1225 E KIMBERLY RD,DAVENPORT,IA,41.55602,-90.55666
2050 E 53RD ST,DAVENPORT,IA,41.57548,-90.54764
1650 W KIMBERLY RD,DAVENPORT,IA,41.56074,-90.59898
4619 N BRADY ST,DAVENPORT,IA,41.56833,-90.5675
301 W KIMBERLY RD,DAVENPORT,IA,41.55926,-90.57509
13888 118TH AVE,DAVENPORT,IA,41.50764,-90.67799
1200 GUTHRIE ST,DE SOTO,IA,41.53776,-94.01317
1420 11TH ST,DE WITT,IA,41.82653,-90.55175
1101 MONTGOMERY ST,DECORAH,IA,43.29297,-91.77053
306 COLLEGE DR,DECORAH,IA,43.30783,-91.79676
905 SHORT ST,DECORAH,IA,43.29196,-91.79558
341 S STATE ST,DENVER,IA,42.67083,-92.33696
727 SE 14TH ST,DES MOINES,IA,41.58167,-93.59641
5145 NE 14TH ST,DES MOINES,IA,41.65461,-93.60019
3301 E EUCLID AVE,DES MOINES,IA,41.62694,-93.55083
3409 SW 9TH ST,DES MOINES,IA,41.55306,-93.62583
4105 HUBBELL AVE,DES MOINES,IA,41.63441,-93.53379
4923 MERLE HAY RD,DES MOINES,IA,41.64933,-93.69727
109 E DIKE RD,DIKE,IA,42.46941,-92.62779
1180 KERPER CT,DUBUQUE,IA,42.51462,-90.65565
2035 JOHN F KENNEDY RD,DUBUQUE,IA,42.50741,-90.72189
806 WACKER DR STE 140,DUBUQUE,IA,42.4925,-90.71861
2685 DODGE ST,DUBUQUE,IA,42.49194,-90.70229
210 SOUTH ST,DUMONT,IA,42.74517,-92.96744
813 S CANFIELD ST,DUNKERTON,IA,42.56486,-92.16026
1303 MAIN ST,EMMETSBURG,IA,43.11207,-94.66804
1724 CENTRAL AVE,ESTHERVILLE,IA,43.40181,-94.82041
100 W GILBERT DR,EVANSDALE,IA,42.46236,-92.29773
806 HIGHWAY 69 N,FOREST CITY,IA,43.27025,-93.63398
1923 5TH AVE S,FORT DODGE,IA,42.50094,-94.17101
201 N 15TH ST,FORT DODGE,IA,42.50869,-94.17779
3121 5TH AVE S,FORT DODGE,IA,42.50083,-94.15194
1606 S TRITON DR,FORT DODGE,IA,42.48581,-94.20204
150 E US HIGHWAY 18,GARNER,IA,43.10617,-93.60125
1450 NE GATEWAY CT,GRIMES,IA,41.69951,-93.77736
2351 E 1ST ST,GRIMES,IA,41.68906,-93.76912
402 S HIGHWAY 52,GUTTENBERG,IA,42.78236,-91.10083
300 CENTRAL AVE W,HAMPTON,IA,42.74111,-93.21194
1880 BLAIRS FERRY RD,HIAWATHA,IA,42.03473,-91.69949
100 5TH AVE NE,INDEPENDENCE,IA,42.46904,-91.88902
923 S RIVERSIDE DR,IOWA CITY,IA,41.64889,-91.54055
1907 KEOKUK ST,IOWA CITY,IA,41.64234,-91.52515
701 S OAK ST,IOWA FALLS,IA,42.50639,-93.2633
811 BARRICK RD,JANESVILLE,IA,42.6497,-92.45486
841 SOUTH ST,JESUP,IA,42.4685,-92.05949
5608 MERLE HAY RD,JOHNSTON,IA,41.66295,-93.69786
301 MAIN ST,LANSING,IA,43.36154,-91.21723
1201 EAGLE RIDGE RD,LE CLAIRE,IA,41.58821,-90.35761
321 5TH AVE SW,LE MARS,IA,42.78877,-96.17461
1000 W MAIN ST,MANCHESTER,IA,42.48332,-91.47041
917 W PLATT ST,MAQUOKETA,IA,42.06838,-90.67874
102 DAVID ST,MAQUOKETA,IA,42.04949,-90.66643
3055 7TH AVE,MARION,IA,42.03298,-91.57959
962 62ND ST,MARION,IA,42.03466,-91.54563
5992 CARLSON WAY,MARION,IA,42.03816,-91.54891
814 S 6TH ST,MARSHALLTOWN,IA,42.03844,-92.92127
810 S 3RD AVE,MARSHALLTOWN,IA,42.03851,-92.90726
2500 S CENTER ST STE B,MARSHALLTOWN,IA,42.01524,-92.91183
1316 4TH ST SW,MASON CITY,IA,43.14862,-93.22204
1502 S FEDERAL AVE,MASON CITY,IA,43.13698,-93.20144
2480 4TH ST SW,MASON CITY,IA,43.14889,-93.2375
235 S EISENHOWER AVE,MASON CITY,IA,43.14937,-93.26034
125 MAIN ST,MC GREGOR,IA,43.0256,-91.17388
1611 202ND ST,MILFORD,IA,43.35282,-95.14272
800 8TH ST NW,MITCHELLVILLE,IA,41.67482,-93.36812
12801 FALCON AVE,MONONA,IA,43.04001,-91.39123
3605 UNIVERSITY DR,MUSCATINE,IA,41.45961,-91.01764
201 GREENWOOD AVE,NASHUA,IA,42.95854,-92.52992
825 W MILWAUKEE ST,NEW HAMPTON,IA,43.06753,-92.32838
115 E MAIN ST,NEW HAMPTON,IA,43.05909,-92.31334
1910 1ST AVE E,NEWTON,IA,41.69929,-93.02809
1810 DIAMOND BLVD,NORTH LIBERTY,IA,41.72479,-91.64607
1200 CHATHAM AVE,NORWALK,IA,41.48746,-93.67336
1350 INDUSTRIAL PARK DR,OELWEIN,IA,42.65891,-91.90919
10 1ST AVE SE,OELWEIN,IA,42.67796,-91.91243
809 MAIN ST,OSAGE,IA,43.28441,-92.80906
605 HIGHWAY 57,PARKERSBURG,IA,42.57083,-92.78638
511 1ST AVE,PERRY,IA,41.83249,-94.10693
1101 NE 56TH ST,PLEASANT HILL,IA,41.59992,-93.50292
1090 PARKER BLVD,POLK CITY,IA,41.76476,-93.72584
124 W TILDEN ST,POSTVILLE,IA,43.08436,-91.56897
COUNTY ROAD 49 410 E 6TH ST,READLYN,IA,42.70561,-92.21949
1521 PARK ST,SHELDON,IA,43.18619,-95.83915
705 N PUBLIC RD,SHELL ROCK,IA,42.71526,-92.57498
1694 PIERCE AVE,SIBLEY,IA,43.40451,-95.72211
1581 S MAIN AVE,SIOUX CENTER,IA,43.06063,-96.17732
2548 GLENN AVE,SIOUX CITY,IA,42.46474,-96.37492
101 E 42ND ST,SPENCER,IA,43.18119,-95.14862
3350 HIGHWAY 71,SPIRIT LAKE,IA,43.40896,-95.12724
1317 E LAKESHORE DR,STORM LAKE,IA,42.63441,-95.18356
1704 BROAD ST,STORY CITY,IA,42.18735,-93.56708
1219 S DIVISION ST,STUART,IA,41.49053,-94.31786
1002 S COUNTY RD,TOLEDO,IA,41.98741,-92.58324
6941 DOUGLAS AVE,URBANDALE,IA,41.62959,-93.71182
10912 DOUGLAS AVE,URBANDALE,IA,41.62892,-93.76854
10101 PLUM DR,URBANDALE,IA,41.65006,-93.74457
1208 W 13TH ST,VINTON,IA,42.15902,-92.03876
1717 E SAN MARNAN DR,WATERLOO,IA,42.46713,-92.32291
135 E RIDGEWAY AVE,WATERLOO,IA,42.46975,-92.35544
1803 LAPORTE RD,WATERLOO,IA,42.46922,-92.32194
506 W 9TH ST,WATERLOO,IA,42.48934,-92.33801
707 BROADWAY ST,WATERLOO,IA,42.51256,-92.3455
111 E DONALD ST,WATERLOO,IA,42.52765,-92.33748
875 FISHER DR,WATERLOO,IA,42.4556,-92.37574
1105 CEDAR BEND ST,WATERLOO,IA,42.52898,-92.36912
324 FLETCHER AVE,WATERLOO,IA,42.48834,-92.36756
855 SE ALICES RD,WAUKEE,IA,41.60247,-93.85152
101 ROSSVILLE RD,WAUKON,IA,43.26814,-91.47612
2501 4TH ST SW,WAVERLY,IA,42.70269,-92.47549
400 E BREMER AVE,WAVERLY,IA,42.72536,-92.4646
505 FAIR MEADOW DR,WEBSTER CITY,IA,42.45358,-93.81757
1515 OVERPASS DR,WEBSTER CITY,IA,42.47018,-93.84176
1220 GRAND AVE STE 101,WEST DES MOINES,IA,41.58042,-93.72061
1000 S 7TH ST,ROCHELLE,IL,41.9104,-89.06887
16040 OAKFIELD PKWY,SOUTH BELOIT,IL,42.49156,-88.98837
113 E LEAD ST,BESSEMER,MI,46.48098,-90.05081
310 E STATE HIGHWAY M35,GWINN,MI,46.27618,-87.41512
1010 N STEPHENSON AVE,IRON MOUNTAIN,MI,45.83391,-88.05866
260 E CLOVERLAND DR,IRONWOOD,MI,46.46387,-90.16703
450 S CARPENTER AVE,KINGSFORD,MI,45.80315,-88.07059
301 N M553,MARQUETTE,MI,46.46485,-87.42586
2611 BRIDGE AVE,ALBERT LEA,MN,43.68334,-93.36005
1210 E MAIN ST,ALBERT LEA,MN,43.65176,-93.35362
906 W FRONT ST,ALBERT LEA,MN,43.64428,-93.3805
6300 LABEAUX AVE NE,ALBERTVILLE,MN,45.24221,-93.66252
1756 BUNKER LAKE BLVD NW,ANDOVER,MN,45.21892,-93.31075
2900 CUTTERS GROVE AVE,ANOKA,MN,45.21134,-93.41277
617 BUCHANAN ST,ANOKA,MN,45.20686,-93.37851
14941 FLORENCE TRL,APPLE VALLEY,MN,44.73257,-93.20169
7545 145TH ST W,APPLE VALLEY,MN,44.73972,-93.21869
15065 DODD BLVD,APPLE VALLEY,MN,44.73065,-93.15694
13357 PALOMINO DR,APPLE VALLEY,MN,44.75666,-93.24731
1300 14TH ST NW,AUSTIN,MN,43.67787,-92.99335
1509 10TH PL NE,AUSTIN,MN,43.6763,-92.95351
1401 4TH ST NW,AUSTIN,MN,43.67893,-92.98003
1201 W OAKLAND AVE,AUSTIN,MN,43.66634,-92.98906
12776 ROLLING RIDGE RD,BECKER,MN,45.38498,-93.86177
104 ASPEN LN,BELLE PLAINE,MN,44.6234,-93.75722
130 EAGLE LAKE RD N,BIG LAKE,MN,45.33292,-93.74092
1355 85TH AVE NE,BLAINE,MN,45.12528,-93.23671
10880 AUSTIN ST NE,BLAINE,MN,45.16709,-93.16546
11736 ULYSSES LN NE,BLAINE,MN,45.18347,-93.2397
10510 RADISSON RD NE,BLAINE,MN,45.16117,-93.21489
12260 FRAIZER ST NE,BLAINE,MN,45.1914,-93.16206
209 S GROVE ST,BLUE EARTH,MN,43.63731,-94.09026
9495 NOBLE PKWY N,BROOKLYN PARK,MN,45.1267,-93.33722
5801 96TH AVE N,BROOKLYN PARK,MN,45.13088,-93.35504
1600 CESSNA ST,BUFFALO,MN,45.15514,-93.84712
501 CRYSTAL LAKE RD W,BURNSVILLE,MN,44.73106,-93.28539
1945 W 136TH ST,BURNSVILLE,MN,44.75597,-93.30401
16 2ND AVE NW,BYRON,MN,44.0294,-92.64752
863 HIGH POINT DR NE,BYRON,MN,44.03006,-92.63153
608 ESCH DR,CALEDONIA,MN,43.64037,-91.5031
4000 MAIN ST S,CAMBRIDGE,MN,45.53784,-93.23181
1818 2ND AVE SW,CAMBRIDGE,MN,45.5722,-93.2459
2450 2ND AVE SE,CAMBRIDGE,MN,45.57161,-93.19393
1711 HIGHWAY 210,CARLTON,MN,46.66407,-92.47152
1700 MONROE DR,CARVER,MN,44.77298,-93.64377
2045 MAIN ST,CENTERVILLE,MN,45.16428,-93.03791
8921 CROSSROADS BLVD,CHANHASSEN,MN,44.84248,-93.53972
2201 W 78TH ST,CHANHASSEN,MN,44.86419,-93.57803
2900 N CHESTNUT ST,CHASKA,MN,44.82898,-93.60416
150 HIGHWAY 30 W,CHATFIELD,MN,43.85051,-92.19402
11085 LAKE BLVD,CHISAGO CITY,MN,45.37563,-92.8823
3405 LAKE DR,CIRCLE PINES,MN,45.13042,-93.18328
8191 179TH ST NW,CLEARWATER,MN,45.4108,-94.06004
235 NORTH RD,CLOQUET,MN,46.7362,-92.46657
900 WASHINGTON AVE,CLOQUET,MN,46.7065,-92.45513
1320 HIGHWAY 45,CLOQUET,MN,46.70157,-92.42462
145 BROADWAY AVE N,COKATO,MN,45.08083,-94.18979
325 COUNTY ROAD 49,COLD SPRING,MN,45.45085,-94.43296
9250 SPRINGBROOK DR NW,COON RAPIDS,MN,45.13811,-93.27425
42165 COUNTY ROAD 12,DAKOTA,MN,43.92397,-91.43845
1305 BABCOCK BLVD E,DELANO,MN,45.03471,-93.77034
408 2ND AVE NW,DODGE CENTER,MN,44.03206,-92.85739
4890 RICE LAKE RD,DULUTH,MN,46.86548,-92.1506
110 S BOUNDARY AVE,DULUTH,MN,46.74131,-92.21676
4215 GRAND AVE,DULUTH,MN,46.7493,-92.1555
6 W CENTRAL ENTRANCE,DULUTH,MN,46.79981,-92.13291
2715 W MICHIGAN ST,DULUTH,MN,46.76042,-92.13152
6516 GRAND AVE,DULUTH,MN,46.73078,-92.1802
415 HESTER ST E,DUNDAS,MN,44.42716,-93.19825
3145 DODD RD,EAGAN,MN,44.84381,-93.12375
4600 SLATER RD,EAGAN,MN,44.78949,-93.22398
18755 SANDHILL PKWY NE,EAST BETHEL,MN,45.31081,-93.23473
26050 FRANCE AVE,ELKO NEW MARKET,MN,44.57191,-93.32941
380 SANDSTONE DR NW,EYOTA,MN,43.99778,-92.24777
217 S STATE ST,FAIRMONT,MN,43.65146,-94.44657
1955 2ND AVE NW,FARIBAULT,MN,44.31208,-93.27188
1405 HIGHWAY 60 W,FARIBAULT,MN,44.29395,-93.28886
102 5TH AVE NE,FARIBAULT,MN,44.29167,-93.26138
217 ELM ST,FARMINGTON,MN,44.64076,-93.14578
19095 CENTERFIELD CT,FARMINGTON,MN,44.67314,-93.13584
18290 PILOT KNOB RD,FARMINGTON,MN,44.68429,-93.17612
4868 208TH ST N,FOREST LAKE,MN,45.25178,-93.00848
2600 11TH ST E,GLENCOE,MN,44.76957,-94.12768
415 MAIN AVE N,HARMONY,MN,43.55869,-92.01045
1630 VERMILLION ST,HASTINGS,MN,44.72886,-92.85298
4978 MILLER TRUNK HIGHWAY,HERMANTOWN,MN,46.83315,-92.20657
4145 HAINES RD,HERMANTOWN,MN,46.80815,-92.17546
2401 EVERGREEN CIR,HERMANTOWN,MN,46.82114,-92.14082
4805 MILLER TRUNK HIGHWAY,HERMANTOWN,MN,46.82347,-92.18749
460 MORRIS AVE,HINCKLEY,MN,46.00981,-92.92601
477 N MILL ST,HOKAH,MN,43.76362,-91.34609
14730 VICTOR HUGO BLVD N,HUGO,MN,45.16433,-93.01809
10 DENVER AVE SE,HUTCHINSON,MN,44.86995,-94.37416
400 E DUAL BLVD,ISANTI,MN,45.49324,-93.24175
1601 N MANTORVILLE AVE,KASSON,MN,44.04418,-92.74925
200 8TH ST SE,KASSON,MN,44.0203,-92.74645
115 S KNOWLTON ST,KELLOGG,MN,44.3071,-92.00412
216 N 4TH ST,LA CRESCENT,MN,43.83328,-91.30223
319 S 3RD ST,LA CRESCENT,MN,43.82583,-91.305
119 N LAKESHORE DR,LAKE CITY,MN,44.44965,-92.26765
994 W LYON AVE,LAKE CITY,MN,44.44314,-92.27535
8513 5TH ST N,LAKE ELMO,MN,44.95812,-92.93365
9955 HUDSON BLVD N,LAKE ELMO,MN,44.95088,-92.90499
20187 DODD BLVD,LAKEVILLE,MN,44.65729,-93.25333
17388 GLACIER WAY,LAKEVILLE,MN,44.69788,-93.21833
16260 KENRICK AVE,LAKEVILLE,MN,44.71337,-93.27863
195 COUNTY ROAD 25,LEWISTON,MN,43.98756,-91.85947
6775 HODGSON RD,LINO LAKES,MN,45.15181,-93.13668
825 S KNISS AVE,LUVERNE,MN,43.64414,-96.21271
17 STOLTZMAN RD,MANKATO,MN,44.15967,-94.01458
1291 RAINTREE RD,MANKATO,MN,44.17781,-93.96749
921 CONEFLOWER DR,MANKATO,MN,44.15623,-93.94505
1701 PREMIER DR,MANKATO,MN,44.18801,-93.95074
1701 MONKS AVE,MANKATO,MN,44.14448,-93.9886
1549 MADISON AVE,MANKATO,MN,44.16629,-93.96477
1271 N RIVER DR,MANKATO,MN,44.18803,-94.01279
19010 COUNTY ROAD 81,MAPLE GROVE,MN,45.16883,-93.51884
1001 E COLLEGE DR,MARSHALL,MN,44.45053,-95.77705
814 W MAIN ST,MARSHALL,MN,44.45343,-95.79678
220 KRAFT DR SE,MELROSE,MN,45.66982,-94.81105
920 1ST ST E,MILACA,MN,45.75661,-93.63974
7020 HIGHWAY 61 W,MINNESOTA CITY,MN,44.07734,-91.73155
9440 STATE HIGHWAY 25 NE,MONTICELLO,MN,45.28727,-93.80352
9855 HART BLVD,MONTICELLO,MN,45.29342,-93.76782
4694 OPPORTUNITY DR,MOOSE LAKE,MN,46.43319,-92.75675
707 MCLEAN ST,MORA,MN,45.86782,-93.29681
101 CHALUPSKY AVE NE,NEW PRAGUE,MN,44.54403,-93.55601
100 4TH AVE NW,NEW PRAGUE,MN,44.54458,-93.58488
1623 N BROADWAY ST,NEW ULM,MN,44.32854,-94.47674
1521 S BROADWAY ST,NEW ULM,MN,44.29763,-94.44557
6849 SAINT CROIX TRL,NORTH BRANCH,MN,45.51131,-92.96935
5435 SAINT CROIX TRL,NORTH BRANCH,MN,45.50956,-92.99893
1740 COMMERCE DR,NORTH MANKATO,MN,44.17941,-94.03663
2275 ANCHOR DR,NORTH SAINT PAUL,MN,45.01067,-93.00327
500 LAUREL CT,NORTHFIELD,MN,44.45453,-93.16694
520 REFORM ST N,NORWOOD YOUNG AMERICA,MN,44.77384,-93.92916
12585 58TH ST N,OAK PARK HEIGHTS,MN,45.03292,-92.85236
3355 HADLEY AVE N,OAKDALE,MN,44.99691,-92.96398
16401 72ND ST NE,OTSEGO,MN,45.25282,-93.55236
1075 W FRONTAGE RD,OWATONNA,MN,44.09586,-93.25375
135 LANDMARK DR NE,OWATONNA,MN,44.11014,-93.2249
410 HOFFMAN DR,OWATONNA,MN,44.08841,-93.23055
320 MINERAL SPRINGS RD,OWATONNA,MN,44.09033,-93.21922
1220 S OAK AVE,OWATONNA,MN,44.07112,-93.22865
2270 NW 46TH ST,OWATONNA,MN,44.13964,-93.25243
645 OPPORTUNITY PARK DR,PAYNESVILLE,MN,45.37492,-94.73254
100 1ST ST NE,PINE ISLAND,MN,44.20467,-92.64578
722 8TH AVE SE,PIPESTONE,MN,43.99299,-96.30779
95 4TH AVE SE,PLAINVIEW,MN,44.16144,-92.16662
1605 ANNAPOLIS LN N,PLYMOUTH,MN,44.99722,-93.45473
707 NORTHLAND DR,PRINCETON,MN,45.55558,-93.58403
16751 FISH POINT RD SE,PRIOR LAKE,MN,44.70773,-93.41018
915 MAIN ST,RED WING,MN,44.56333,-92.54166
4820 HIGHWAY 61 W,RED WING,MN,44.56769,-92.62499
301 W 7TH ST,RED WING,MN,44.56264,-92.52849
1800 E BRIDGE ST,REDWOOD FALLS,MN,44.54014,-95.07667
3531 9TH ST NW,ROCHESTER,MN,44.03486,-92.51792
315 12TH ST SE,ROCHESTER,MN,44.00735,-92.45814
4120 HIGHWAY 52 N,ROCHESTER,MN,44.06601,-92.50254
1933 BROADWAY AVE S,ROCHESTER,MN,43.99302,-92.46334
6413 BANDEL RD NW,ROCHESTER,MN,44.09213,-92.51037
1350 SALEM RD SW,ROCHESTER,MN,44.00417,-92.48638
3490 55TH ST NW,ROCHESTER,MN,44.07917,-92.51555
1221 MARION RD SE,ROCHESTER,MN,44.00759,-92.44137
2170 WHEELOCK DR NE,ROCHESTER,MN,44.04631,-92.42993
4760 COMMERCIAL DR SW,ROCHESTER,MN,43.95417,-92.47166
3111 WELLNER DR NE,ROCHESTER,MN,44.05637,-92.4536
2109 2ND ST SW,ROCHESTER,MN,44.02223,-92.49601
3520 SARAH PL NW,ROCHESTER,MN,44.05903,-92.52773
560 11TH AVE NW,ROCHESTER,MN,44.02896,-92.47828
1990 SCOTT RD NW,ROCHESTER,MN,44.04435,-92.51523
8090 COUNTY ROAD 50,ROCKFORD,MN,45.08586,-93.73204
14810 S ROBERT TRL,ROSEMOUNT,MN,44.73491,-93.12584
1225 W 4TH ST,RUSH CITY,MN,45.68522,-92.98149
110 STATE ROAD 16,RUSHFORD,MN,43.80523,-91.75449
8800 HIGHWAY 7,SAINT BONIFACIUS,MN,44.90131,-93.74825
160 E 6TH ST,SAINT CHARLES,MN,43.97164,-92.06381
6250 COUNTY ROAD 120,SAINT CLOUD,MN,45.58574,-94.23819
750 15TH AVE SE,SAINT CLOUD,MN,45.55741,-94.12921
2211 W DIVISION ST,SAINT CLOUD,MN,45.5538,-94.1849
1230 HIGHWAY 23 E,SAINT CLOUD,MN,45.56671,-94.13462
3705 23RD ST S,SAINT CLOUD,MN,45.53894,-94.20444
725 44TH AVE N,SAINT CLOUD,MN,45.56588,-94.21351
4020 233RD AVE NW,SAINT FRANCIS,MN,45.39194,-93.36796
15 20TH AVE SE,SAINT JOSEPH,MN,45.56434,-94.29066
200 2ND AVE NW,SAINT JOSEPH,MN,45.56727,-94.32189
4400 O DAY AVE NE,SAINT MICHAEL,MN,45.21768,-93.5981
1815 OLD MINNESOTA AVE,SAINT PETER,MN,44.34837,-93.95228
1305 S MINNESOTA AVE,SAINT PETER,MN,44.31514,-93.96391
105 2ND ST S,SARTELL,MN,45.61536,-94.20456
245 18TH ST N,SAUK RAPIDS,MN,45.60998,-94.17712
14175 VERNON AVE S,SAVAGE,MN,44.74735,-93.35082
1522 VIERLING DR E,SHAKOPEE,MN,44.78065,-93.50425
8225 CROSSINGS BLVD,SHAKOPEE,MN,44.77158,-93.41281
455 CONCORD ST S,SOUTH SAINT PAUL,MN,44.88389,-93.03055
142 W MAIN ST,SPRING GROVE,MN,43.56114,-91.63755
221 N SECTION AVE,SPRING VALLEY,MN,43.68995,-92.38867
5335 STACY TRL,STACY,MN,45.39657,-92.9974
410 MAIN ST N,STEWARTVILLE,MN,43.85834,-92.48814
101 SCHUMANN DR NW,STEWARTVILLE,MN,43.87718,-92.4898
3550 SETTLERS WAY,STILLWATER,MN,45.05563,-92.86197
1100 7TH AVE,TWO HARBORS,MN,47.02544,-91.68084
3278 HIGHWAY 61 N,VADNAIS HEIGHTS,MN,45.04065,-93.03874
106 HIAWATHA DR W,WABASHA,MN,44.37914,-92.0354
809 VISTA BLVD,WACONIA,MN,44.84762,-93.77119
100 SPARROW RD,WACONIA,MN,44.83611,-93.77371
106 10TH AVE S,WAITE PARK,MN,45.55012,-94.2292
458 GREAT OAK DR,WAITE PARK,MN,45.56083,-94.22824
501 ELM AVE W,WASECA,MN,44.07721,-93.51323
100 15TH AVE NE,WASECA,MN,44.09236,-93.50668
2550 HIGHWAY 12 E,WILLMAR,MN,45.12493,-95.00822
212 2ND ST SW,WILLMAR,MN,45.12197,-95.04591
2000 1ST ST S,WILLMAR,MN,45.10224,-95.04371
251 1ST AVE S,WINDOM,MN,43.85602,-95.11484
268 W SARNIA ST,WINONA,MN,44.04472,-91.64777
872 W BROADWAY ST,WINONA,MN,44.05337,-91.66094
1058 HOMER RD,WINONA,MN,44.02844,-91.62113
375 COTTONWOOD DR,WINONA,MN,44.05427,-91.69078
770 E BROADWAY ST,WINONA,MN,44.04435,-91.6186
1601 W 5TH ST,WINONA,MN,44.05431,-91.68113
10100 HUDSON RD,WOODBURY,MN,44.94546,-92.90232
8477 CITY CENTRE DR,WOODBURY,MN,44.92192,-92.93504
1755 N HUMISTON AVE,WORTHINGTON,MN,43.63631,-95.59478
1601 OXFORD ST,WORTHINGTON,MN,43.63124,-95.59004
100 JEFFERSON DR,ZUMBROTA,MN,44.28281,-92.66761
101 N HERITAGE RD,BRANDON,SD,43.59491,-96.62008
2016 20TH ST S,BROOKINGS,SD,44.28217,-96.77065
500 W WILLOW ST,HARRISBURG,SD,43.43229,-96.71437
1430 TOM SAWYER TRL,HARRISBURG,SD,43.44334,-96.72661
901 N EBENEZER AVE,SIOUX FALLS,SD,43.55718,-96.78683
6301 E 41ST ST,SIOUX FALLS,SD,43.51443,-96.64823
1301 N FINNEGAN AVE,SIOUX FALLS,SD,43.55906,-96.65552
7703 S BERGAMOT AVE,SIOUX FALLS,SD,43.47441,-96.78223
4300 E 57TH ST,SIOUX FALLS,SD,43.50079,-96.67412
3310 N CLIFF AVE,SIOUX FALLS,SD,43.58067,-96.71086
8401 W 32ND ST,SIOUX FALLS,SD,43.52062,-96.83022
301 ELDERBERRY RD,ABBOTSFORD,WI,44.92801,-90.31212
237 N MAIN ST,ADAMS,WI,43.96113,-89.81837
603 N MAIN ST,ALMA,WI,44.32694,-91.91861
2929 MEADOWLARK LN,ALTOONA,WI,44.8193,-91.45912
2367 SPOONER AVE,ALTOONA,WI,44.80684,-91.4475
116 BAUMBACH WAY,ALTOONA,WI,44.79237,-91.40788
855 KELLER AVE S,AMERY,WI,45.29629,-92.36633
455 STATE HIGHWAY 64,ANTIGO,WI,45.1616,-89.14764
815 S SUPERIOR ST,ANTIGO,WI,45.12526,-89.15218
2120 E EDGEWOOD DR,APPLETON,WI,44.31694,-88.37231
4085 E CALUMET ST,APPLETON,WI,44.24323,-88.34386
1342 W PROSPECT AVE,APPLETON,WI,44.25306,-88.42805
2175 S MEMORIAL DR STE A,APPLETON,WI,44.24111,-88.41743
730 E WISCONSIN AVE,APPLETON,WI,44.27319,-88.39634
306 N RICHMOND ST,APPLETON,WI,44.26449,-88.41472
3232 S ONEIDA ST,APPLETON,WI,44.23185,-88.40328
11085 STATE HIGHWAY 70 E,ARBOR VITAE,WI,45.92032,-89.69458
1625 E MAIN ST,ARCADIA,WI,44.25024,-91.47257
1814 LAKE SHORE DR W,ASHLAND,WI,46.58314,-90.90471
2300 LAKE SHORE DR E,ASHLAND,WI,46.60412,-90.85499
515 ELLIS AVE,ASHLAND,WI,46.58815,-90.88129
871 HANSEN RD,ASHWAUBENON,WI,44.47533,-88.07409
2499 S POINT RD,ASHWAUBENON,WI,44.49734,-88.11281
940 WAUBE LN,ASHWAUBENON,WI,44.46875,-88.08324
2282 S RIDGE RD,ASHWAUBENON,WI,44.49222,-88.0718
950 CURTIS ST,BALDWIN,WI,44.97076,-92.37417
940 BALDWIN PLAZA DR,BALDWIN,WI,44.9412,-92.37375
1171 WISCONSIN DELLS PKWY S,BARABOO,WI,43.57542,-89.77743
604 8TH ST,BARABOO,WI,43.47445,-89.73353
1330 SOUTH BLVD,BARABOO,WI,43.46012,-89.76731
617 W PINE ST,BARABOO,WI,43.4751,-89.76812
100 E INDUSTRIAL DR,BARNEVELD,WI,43.00844,-89.90075
1456 E LA SALLE AVE,BARRON,WI,45.40061,-91.83492
1504 N CENTER ST,BEAVER DAM,WI,43.47428,-88.83947
1201 MADISON ST,BEAVER DAM,WI,43.44087,-88.85676
2006 N SPRING ST,BEAVER DAM,WI,43.48604,-88.81828
106 N ROYAL AVE,BELGIUM,WI,43.50051,-87.83421
1120 BELLWEST BLVD,BELLEVILLE,WI,42.86172,-89.56047
102 W MOUND VIEW AVE,BELMONT,WI,42.74603,-90.34131
3155 S PRAIRIE AVE,BELOIT,WI,42.55447,-89.01041
907 E INMAN PKWY,BELOIT,WI,42.55433,-89.02542
270 BROADWAY,BERLIN,WI,43.96861,-88.95305
W235S7125 BIG BEND DR,BIG BEND,WI,42.91504,-88.2196
1110 STATE ST,BLACK EARTH,WI,43.14293,-89.7466
15 COUNTY ROAD A,BLACK RIVER FALLS,WI,44.30497,-90.84568
751 STATE HIGHWAY 54,BLACK RIVER FALLS,WI,44.29381,-90.8306
511 W 4TH ST,BLAIR,WI,44.29042,-91.24121
1625 WOODARD RD,BLOOMER,WI,45.1002,-91.50874
102 EXPRESS WAY,BONDUEL,WI,44.72975,-88.44672
305 W PRAIRIE ST,BOSCOBEL,WI,43.1406,-90.70944
108 W RYAN ST,BRILLION,WI,44.18258,-88.06492
2107 1ST CENTER AVE,BRODHEAD,WI,42.60942,-89.37685
500 FALCON RIDGE DR,BURLINGTON,WI,42.69278,-88.26606
1164 S PINE ST,BURLINGTON,WI,42.6597,-88.2602
12501 W ARDEN PL,BUTLER,WI,43.09912,-88.06749
340 S HIGHWAY 27,CADOTT,WI,44.94201,-91.14598
550 WESTGATE CT,CAMBRIDGE,WI,43.00983,-89.02433
201 S 1ST ST,CAMERON,WI,45.40678,-91.73524
1299 WASHINGTON AVE,CEDARBURG,WI,43.32221,-88.00611
324 2ND ST,CHETEK,WI,45.31217,-91.65084
45 E CHESTNUT ST,CHILTON,WI,44.0238,-88.16104
1010 WOODWARD AVE,CHIPPEWA FALLS,WI,44.91281,-91.38936
2209 S PRAIRIE VIEW RD,CHIPPEWA FALLS,WI,44.87583,-91.43111
503 E GRAND AVE,CHIPPEWA FALLS,WI,44.94056,-91.38638
2997 COMMERCIAL BLVD,CHIPPEWA FALLS,WI,44.88592,-91.41764
1267 CHIPPEWA CROSSING BLVD,CHIPPEWA FALLS,WI,44.92195,-91.36887
12 W MADISON ST,CLINTONVILLE,WI,44.61685,-88.76342
W260N9579 STATE ROAD 164,COLGATE,WI,43.19278,-88.26181
204 DIX ST,COLUMBUS,WI,43.34508,-89.03056
459 DEBRUIN RD,COMBINED LOCKS,WI,44.25658,-88.29342
308 CENTRAL AVE,COON VALLEY,WI,43.70211,-91.01547
1100 N WINDSOR AVE,COTTAGE GROVE,WI,43.09962,-89.20023
1601 LANDMARK DR,COTTAGE GROVE,WI,43.10569,-89.19784
401 W COTTAGE GROVE RD,COTTAGE GROVE,WI,43.08703,-89.20935
212 S US HIGHWAY 141,CRIVITZ,WI,45.22251,-87.99627
2508 MAIN ST,CROSS PLAINS,WI,43.11108,-89.64494
212 S MAIN ST,CUBA CITY,WI,42.60485,-90.4305
1530 ELM ST,CUMBERLAND,WI,45.53305,-92.02987
500 N WALWORTH ST,DARIEN,WI,42.60562,-88.72009
2618 MONROE RD,DE PERE,WI,44.4539,-87.99528
746 MAIN AVE,DE PERE,WI,44.44972,-88.0806
1328 O KEEFE RD,DE PERE,WI,44.4304,-88.05674
1620 LAWRENCE DR,DE PERE,WI,44.4309,-88.10775
2746 FREEDOM RD,DE PERE,WI,44.38657,-88.16708
781 S MAIN ST,DEFOREST,WI,43.23841,-89.34291
4665 DALMORE RD,DEFOREST,WI,43.19525,-89.35698
7372 NORTH TOWNE RD,DEFOREST,WI,43.25148,-89.32518
4848 COUNTY ROAD V,DEFOREST,WI,43.25065,-89.36939
2694 SUN VALLEY DR,DELAFIELD,WI,43.0501,-88.37439
750 BELOIT ST,DELAVAN,WI,42.62319,-88.66661
408 S WRIGHT ST,DELAVAN,WI,42.62894,-88.62602
111 BOHEMIA DR,DENMARK,WI,44.34558,-87.84225
1122 N BEQUETTE ST,DODGEVILLE,WI,42.97217,-90.13358
115 S IOWA ST,DODGEVILLE,WI,42.95976,-90.13001
1101 HARDY ST,DURAND,WI,44.63449,-91.95471
201 W WALL ST,EAGLE RIVER,WI,45.91578,-89.2541
1880 COUNTY ROAD ES,EAST TROY,WI,42.79356,-88.38771
3530 MALL DR,EAU CLAIRE,WI,44.7818,-91.46222
4395 N TOWN HALL RD,EAU CLAIRE,WI,44.84283,-91.58939
2515 PATTON ST,EAU CLAIRE,WI,44.79221,-91.49394
108 W MADISON ST,EAU CLAIRE,WI,44.81607,-91.50987
2327 N CLAIREMONT AVE,EAU CLAIRE,WI,44.8235,-91.54268
1506 BLACK AVE,EAU CLAIRE,WI,44.8337,-91.44828
2715 GOLF RD,EAU CLAIRE,WI,44.77061,-91.46248
210 WATER ST UNIT 1,EAU CLAIRE,WI,44.80227,-91.50522
2232 OTTER RD,EAU CLAIRE,WI,44.7958,-91.45852
3801 GATEWAY DR,EAU CLAIRE,WI,44.77572,-91.43129
3426 MELBY ST,EAU CLAIRE,WI,44.86505,-91.45667
3360 BIRCH ST,EAU CLAIRE,WI,44.82421,-91.46209
1130 W MACARTHUR AVE,EAU CLAIRE,WI,44.78886,-91.51761
2135 BRACKETT AVE,EAU CLAIRE,WI,44.7997,-91.4699
1 S MAIN ST,EDGERTON,WI,42.83304,-89.06959
505 N MAIN ST,EDGERTON,WI,42.83833,-89.06444
6 W HIDDEN TRL,ELKHORN,WI,42.69472,-88.5425
1003 ACADEMY ST,ELROY,WI,43.74583,-90.27277
745 LINCOLN AVE,FENNIMORE,WI,42.98482,-90.65524
6133 MCKEE RD,FITCHBURG,WI,43.01519,-89.46916
2792 S SYENE RD,FITCHBURG,WI,43.00662,-89.39539
6208 MCKEE RD,FITCHBURG,WI,43.01562,-89.47486
471 N PARK AVE,FOND DU LAC,WI,43.79187,-88.43886
456 S MAIN ST,FOND DU LAC,WI,43.76612,-88.44789
980 S HICKORY ST,FOND DU LAC,WI,43.75236,-88.46291
158 N MAIN ST,FOND DU LAC,WI,43.78342,-88.44745
1061 E JOHNSON ST,FOND DU LAC,WI,43.78419,-88.40745
168 N PIONEER RD,FOND DU LAC,WI,43.78368,-88.48071
665 W SCOTT ST,FOND DU LAC,WI,43.79199,-88.47273
1123 W JOHNSON ST,FOND DU LAC,WI,43.78511,-88.48667
313 MADISON AVE,FORT ATKINSON,WI,42.93222,-88.84159
1565 MADISON AVE,FORT ATKINSON,WI,42.9411,-88.86267
1680 JANESVILLE AVE,FORT ATKINSON,WI,42.90413,-88.85484
41 S SHORE DR,FOUNTAIN CITY,WI,44.13004,-91.71684
701 W STATE ST,FOX LAKE,WI,43.56701,-88.91619
5040 W RAWSON AVE,FRANKLIN,WI,42.91657,-87.97851
10750 W SPEEDWAY DR,FRANKLIN,WI,42.92585,-88.04919
1610 STATE HIGHWAY 13,FRIENDSHIP,WI,44.02403,-89.81027
W188N10963 MAPLE RD,GERMANTOWN,WI,43.22039,-88.14184
3721 W COLLEGE AVE,GRAND CHUTE,WI,44.26105,-88.46146
650 W NORTHLAND AVE,GRAND CHUTE,WI,44.28782,-88.41412
4520 W GREENVILLE DR,GRAND CHUTE,WI,44.27639,-88.47558
710 W EVERGREEN DR,GRAND CHUTE,WI,44.30231,-88.41638
1300 N WESTHILL BLVD,GRAND CHUTE,WI,44.27355,-88.46437
4735 W CONVERTERS DR,GRAND CHUTE,WI,44.28861,-88.47736
515 W WALNUT ST,GREEN BAY,WI,44.51676,-88.02388
935 LOMBARDI AVE,GREEN BAY,WI,44.49794,-88.04748
1871 SHAWANO AVE,GREEN BAY,WI,44.53414,-88.07294
2498 LINEVILLE RD,GREEN BAY,WI,44.59154,-88.07703
2400 UNIVERSITY AVE,GREEN BAY,WI,44.51258,-87.96221
1401 S WEBSTER AVE,GREEN BAY,WI,44.4931,-88.01564
2203 S WEBSTER AVE,GREEN BAY,WI,44.4808,-88.0235
1712 E MASON ST,GREEN BAY,WI,44.49306,-87.98426
840 S HURON RD,GREEN BAY,WI,44.48549,-87.9187
3525 HUMBOLDT RD,GREEN BAY,WI,44.51316,-87.90574
206 S MAIN ST,GREENWOOD,WI,44.76556,-90.59777
1411 E SUMNER ST,HARTFORD,WI,43.31697,-88.35494
806 GRAND AVE,HARTFORD,WI,43.30661,-88.37367
715 W CAPITOL DR,HARTLAND,WI,43.10142,-88.36181
15870 US HIGHWAY 63,HAYWARD,WI,46.01191,-91.48738
229 MILL ST,HILLSBORO,WI,43.65175,-90.34159
151 INTERSTATE RD N,HIXTON,WI,44.38469,-91.00786
1550 S HOLMEN DR,HOLMEN,WI,43.94977,-91.25994
115 HALE DR,HOLMEN,WI,43.95235,-91.25806
1760 TEMTE ST,HOLMEN,WI,43.99951,-91.29188
716 E LAKE ST,HORICON,WI,43.45191,-88.62638
305 BARSTOW ST,HORICON,WI,43.44808,-88.6354
261 E MAIN ST,HORTONVILLE,WI,44.3359,-88.63099
399 CARDINAL LN,HOWARD,WI,44.55239,-88.08585
740 6TH ST N,HUDSON,WI,45.00364,-92.75352
2401 CREST VIEW DR,HUDSON,WI,44.96161,-92.72303
520 ANNABELLE WAY,HUDSON,WI,44.97564,-92.72219
1919 HUMES RD,JANESVILLE,WI,42.72217,-89.00021
3359 MILTON AVE,JANESVILLE,WI,42.72202,-88.99641
3123 S US HIGHWAY 51,JANESVILLE,WI,42.63442,-89.03064
254 E MEMORIAL DR,JANESVILLE,WI,42.69366,-89.0262
1604 E RACINE ST,JANESVILLE,WI,42.6786,-89.00223
2810 E MILWAUKEE ST,JANESVILLE,WI,42.69596,-88.98561
2518 W COURT ST,JANESVILLE,WI,42.67958,-89.05114
1100 N WRIGHT RD,JANESVILLE,WI,42.69827,-88.97317
714 CENTER AVE,JANESVILLE,WI,42.67151,-89.03189
102 COLLINS RD,JEFFERSON,WI,42.99023,-88.80763
465 VILLAGE WALK LN,JOHNSON CREEK,WI,43.08222,-88.76444
1080 REMMEL DR,JOHNSON CREEK,WI,43.09375,-88.7593
210 S MAIN ST,JUNEAU,WI,43.40509,-88.70454
322 LAWE ST,KAUKAUNA,WI,44.28306,-88.26578
1101 GERTRUDE ST,KAUKAUNA,WI,44.29713,-88.27101
8800 75TH ST,KENOSHA,WI,42.56694,-87.91497
2111 22ND AVE,KENOSHA,WI,42.6175,-87.83527
12224 74TH ST,KENOSHA,WI,42.56886,-87.9549
3920 WASHINGTON RD,KENOSHA,WI,42.60353,-87.85626
11350 28TH ST,KENOSHA,WI,42.61349,-87.94673
5800 31ST ST,KENOSHA,WI,42.61153,-87.87791
6300 52ND ST,KENOSHA,WI,42.58944,-87.88333
8012 39TH AVE,KENOSHA,WI,42.55859,-87.85519
1140 STATE ROAD 67,KIEL,WI,43.91995,-88.02189
701 SCHELFHOUT LN,KIMBERLY,WI,44.26166,-88.32489
71 COPELAND AVE,LA CROSSE,WI,43.82549,-91.24976
3130 STATE RD,LA CROSSE,WI,43.79136,-91.20979
921 LOSEY BLVD S,LA CROSSE,WI,43.80092,-91.21931
1125 GEORGE ST W,LA CROSSE,WI,43.85879,-91.23988
3525 HIGHWAY 157,LA CROSSE,WI,43.8675,-91.20416
1333 ROSE ST,LA CROSSE,WI,43.84276,-91.2486
105 CLINTON ST,LA CROSSE,WI,43.84179,-91.26093
KWIK TRIP #850 SUPPORT CTR,LA CROSSE,WI,43.84773,-91.22772
506 CASS ST,LA CROSSE,WI,43.80832,-91.24974
2506 SOUTH AVE,LA CROSSE,WI,43.78903,-91.23798
507 LANG DR,LA CROSSE,WI,43.83276,-91.23995
4828 MORMON COULEE RD,LA CROSSE,WI,43.76422,-91.2103
1922 WARD AVE,LA CROSSE,WI,43.78316,-91.22763
530 WEST AVE N,LA CROSSE,WI,43.8169,-91.23859
KWIK TRIP #870 ALT FUELS,LA CROSSE,WI,43.85172,-91.22697
100 W 9TH ST N,LADYSMITH,WI,45.46454,-91.11177
850 S WELLS ST,LAKE GENEVA,WI,42.58174,-88.42437
710 WILLIAMS ST,LAKE GENEVA,WI,42.59755,-88.43592
105 W TYRANENA PARK RD,LAKE MILLS,WI,43.09048,-88.90996
939 N MADISON ST,LANCASTER,WI,42.85668,-90.7091
5600 COUNTY ROAD II,LARSEN,WI,44.1991,-88.68053
5908 DUAME RD,LENA,WI,44.88768,-88.04518
W221N6314 LIEDS LN,LISBON,WI,43.13257,-88.18797
1650 FREEDOM RD,LITTLE CHUTE,WI,44.29083,-88.31289
215 N MAIN ST,LODI,WI,43.31515,-89.52801
100 S MAIN ST,LOYAL,WI,44.73499,-90.49567
113 N MAIN ST,LUXEMBURG,WI,44.54656,-87.70549
6525 KILPATRICK LN,MADISON,WI,43.08585,-89.26606
4112 MILWAUKEE ST,MADISON,WI,43.09858,-89.31388
2538 FISH HATCHERY RD,MADISON,WI,43.03721,-89.40573
4402 E BUCKEYE RD,MADISON,WI,43.07325,-89.30786
1434 NORTHPORT DR,MADISON,WI,43.13409,-89.37024
3528 E WASHINGTON AVE,MADISON,WI,43.11528,-89.32802
5445 UNIVERSITY AVE,MADISON,WI,43.08198,-89.47539
4825 AMERICAN PKWY,MADISON,WI,43.14944,-89.2899
4624 MONONA DR,MADISON,WI,43.06966,-89.32578
7502 MINERAL POINT RD,MADISON,WI,43.06098,-89.51309
6702 RAYMOND RD,MADISON,WI,43.0319,-89.4974
6202 SCHROEDER RD,MADISON,WI,43.04661,-89.48704
401 N 3RD ST,MADISON,WI,43.0979,-89.35908
1117 N SHERMAN AVE,MADISON,WI,43.11228,-89.36325
7717 MINERAL POINT RD,MADISON,WI,43.06037,-89.51683
3401 UNIVERSITY AVE,MADISON,WI,43.07504,-89.44627
1625 N STOUGHTON RD,MADISON,WI,43.12034,-89.32466
1421 MONROE ST,MADISON,WI,43.06903,-89.41097
2601 FISH HATCHERY RD,MADISON,WI,43.03683,-89.40493
3153 MAPLE GROVE DR,MADISON,WI,43.01637,-89.49872
4741 LIEN RD,MADISON,WI,43.12068,-89.30028
2103 S 42ND ST,MANITOWOC,WI,44.07332,-87.69997
2315 MENASHA AVE,MANITOWOC,WI,44.11565,-87.6809
401 N 8TH ST,MANITOWOC,WI,44.0958,-87.65745
2819 MEADOW LN,MANITOWOC,WI,44.09512,-87.68387
910 HAMILTON ST,MANITOWOC,WI,44.08567,-87.66016
485 N BUSINESS PKWY,MARATHON,WI,44.94698,-89.84298
2103 HALL AVE,MARINETTE,WI,45.09945,-87.63538
2297 ROOSEVELT RD,MARINETTE,WI,45.08005,-87.66092
504 PLAZA DR,MARSHALL,WI,43.16998,-89.06879
4000 S DRAXLER DR,MARSHFIELD,WI,44.62722,-90.13773
121 W UPHAM ST,MARSHFIELD,WI,44.68074,-90.16524
101 N CENTRAL AVE,MARSHFIELD,WI,44.6674,-90.17242
1600 W MCMILLAN ST,MARSHFIELD,WI,44.68572,-90.19627
2001 N PEACH AVE,MARSHFIELD,WI,44.68787,-90.15894
611 GATEWAY AVE,MAUSTON,WI,43.79729,-90.06136
22 N UNION ST,MAUSTON,WI,43.79573,-90.07157
205 S CLARK ST,MAYVILLE,WI,43.49366,-88.55667
121 N MAIN ST,MAYVILLE,WI,43.49734,-88.54513
4701 FARWELL ST,MCFARLAND,WI,43.01302,-89.3026
823 E PERKINS ST,MEDFORD,WI,45.13484,-90.33229
1275 N 8TH ST,MEDFORD,WI,45.15666,-90.33483
1870 US HIGHWAY 10 STATE HIGHWAY 114,MENASHA,WI,44.21275,-88.40349
1499 APPLETON RD,MENASHA,WI,44.22949,-88.4231
901 RACINE ST,MENASHA,WI,44.21559,-88.44558
N56W14150 SILVER SPRING DR,MENOMONEE FALLS,WI,43.11968,-88.08819
N88W15476 MAIN ST,MENOMONEE FALLS,WI,43.17977,-88.10175
319 OAK AVE,MENOMONIE,WI,44.90456,-91.93424
6107 3M DR,MENOMONIE,WI,44.90144,-91.85635
1213 BROADWAY ST S,MENOMONIE,WI,44.87166,-91.93041
2008 STOUT RD,MENOMONIE,WI,44.88042,-91.90574
10360 N CEDARBURG RD,MEQUON,WI,43.20666,-87.97191
2311 E MAIN ST,MERRILL,WI,45.18048,-89.66787
300 S PINE RIDGE AVE,MERRILL,WI,45.17917,-89.65263
5301 S RIDGE WAY APT 03,MIDDLETON,WI,43.11294,-89.47193
6519 CENTURY AVE,MIDDLETON,WI,43.10401,-89.49202
7508 CENTURY AVE,MIDDLETON,WI,43.1117,-89.51115
603 W MADISON AVE,MILTON,WI,42.78287,-88.96271
1157 GATEWAY DR,MILTON,WI,42.77046,-88.93027
622 DODGE ST,MINERAL POINT,WI,42.87041,-90.17635
8690 US HIGHWAY 51 N,MINOCQUA,WI,45.88644,-89.70347
530 E MAIN ST,MONDOVI,WI,44.56807,-91.66419
2402 W BROADWAY,MONONA,WI,43.04744,-89.35129
105 E BROADWAY,MONONA,WI,43.04789,-89.32408
720 8TH AVE,MONROE,WI,42.60435,-89.64944
1607 9TH ST,MONROE,WI,42.60325,-89.63963
99 E MONTELLO ST,MONTELLO,WI,43.7922,-89.32542
500 CHERRY ST,MOSINEE,WI,44.78699,-89.68521
9255 RIDGEVIEW RD,MOUNT HOREB,WI,43.00647,-89.70275
525 SPRINGDALE ST,MOUNT HOREB,WI,43.00952,-89.73102
4924 SPRING ST,MOUNT PLEASANT,WI,42.73764,-87.83962
7155 DURAND AVE,MOUNT PLEASANT,WI,42.69667,-87.86972
944 SE FRONTAGE RD,MOUNT PLEASANT,WI,42.72389,-87.95194
6801 WASHINGTON AVE,MOUNT PLEASANT,WI,42.71927,-87.86418
1212 N ROCHESTER ST,MUKWONAGO,WI,42.88111,-88.34009
S63W13510 JANESVILLE RD,MUSKEGO,WI,42.92941,-88.08305
S79W18884 JANESVILLE RD,MUSKEGO,WI,42.90153,-88.15045
100 W 3RD ST,NECEDAH,WI,44.0261,-90.07469
903 S GREEN BAY RD,NEENAH,WI,44.1759,-88.48654
1400 WEST AMERICAN DR,NEENAH,WI,44.22287,-88.49412
501 S COMMERCIAL ST,NEENAH,WI,44.18222,-88.46555
110 E DIVISION ST,NEILLSVILLE,WI,44.55241,-90.59546
251 STATE HIGHWAY 13,NEKOOSA,WI,44.22012,-89.80852
15700 W SMALL RD,NEW BERLIN,WI,42.94495,-88.11001
2101 S MOORLAND RD,NEW BERLIN,WI,43.00698,-88.10788
15075 W NATIONAL AVE,NEW BERLIN,WI,42.98062,-88.1018
13975 W CLEVELAND AVE,NEW BERLIN,WI,42.99514,-88.08768
1517 WISCONSIN AVE,NEW HOLSTEIN,WI,43.94944,-88.08482
108 W BRIDGE ST,NEW LISBON,WI,43.87984,-90.16663
1500 MILL ST,NEW LONDON,WI,44.38068,-88.73189
984 N SHAWANO ST,NEW LONDON,WI,44.40205,-88.74291
124 PAPERJACK DR,NEW RICHMOND,WI,45.1039,-92.53688
1112 N KNOWLES AVE,NEW RICHMOND,WI,45.13275,-92.53502
6300 S 27TH ST,OAK CREEK,WI,42.92967,-87.9491
7880 S 10TH ST,OAK CREEK,WI,42.9025,-87.92699
9535 S 13TH ST,OAK CREEK,WI,42.87136,-87.93302
2040 W RYAN RD,OAK CREEK,WI,42.87333,-87.9437
1301 OCONOMOWOC PKWY,OCONOMOWOC,WI,43.08059,-88.4696
N56W39345 WISCONSIN AVE,OCONOMOWOC,WI,43.12278,-88.5272
1292 OCONOMOWOC PKWY,OCONOMOWOC,WI,43.0823,-88.47156
1220 BROWN ST,OCONOMOWOC,WI,43.12522,-88.46179
102 MAIN ST,OCONTO,WI,44.89268,-87.88504
110 BROOKE DR,OMRO,WI,44.04058,-88.71359
244 E MAIN ST,OMRO,WI,44.03918,-88.74129
9421 STATE ROAD 16,ONALASKA,WI,43.87314,-91.1898
2800 ABBEY RD,ONALASKA,WI,43.92289,-91.24498
408 SAND LAKE RD,ONALASKA,WI,43.88767,-91.21957
1276 CROSSING MEADOWS DR,ONALASKA,WI,43.86789,-91.21045
950 2ND AVE N,ONALASKA,WI,43.89655,-91.24009
1802 E MAIN ST,ONALASKA,WI,43.88362,-91.20924
229 OAK FOREST DR,ONALASKA,WI,43.87599,-91.23031
21 N BUSINESS PARK DR,OOSTBURG,WI,43.62328,-87.77621
135 N MAIN ST,OREGON,WI,42.92732,-89.3844
856 N MAIN ST,OREGON,WI,42.93922,-89.38291
951 JANESVILLE ST,OREGON,WI,42.91829,-89.37258
100 RIDGE RD,OSCEOLA,WI,45.31336,-92.70365
2500 WITZEL AVE,OSHKOSH,WI,44.01856,-88.59504
1725 W 9TH AVE,OSHKOSH,WI,44.01044,-88.57844
2115 JACKSON ST,OSHKOSH,WI,44.04343,-88.54277
2400 S WASHBURN ST,OSHKOSH,WI,43.98933,-88.58573
5821 GREEN VALLEY RD,OSHKOSH,WI,44.10014,-88.54273
1090 N WASHBURN ST,OSHKOSH,WI,44.03176,-88.58615
215 W 20TH AVE,OSHKOSH,WI,43.99527,-88.54309
13907 10TH ST,OSSEO,WI,44.57903,-91.22413
108 N MAIN ST,PARDEEVILLE,WI,43.54741,-89.31674
1083 4TH AVE S,PARK FALLS,WI,45.92375,-90.4499
130 DYNEX DR,PEWAUKEE,WI,43.08292,-88.25319
405 RYAN ST,PEWAUKEE,WI,43.08881,-88.27551
2001 GOLF RD,PEWAUKEE,WI,43.04796,-88.25837
1424 N LAKE AVE,PHILLIPS,WI,45.70649,-90.41734
1805 VISION DR,PLATTEVILLE,WI,42.73215,-90.43807
795 N WATER ST,PLATTEVILLE,WI,42.74001,-90.46885
430 S WATER ST,PLATTEVILLE,WI,42.72948,-90.47651
10215 120TH AVE,PLEASANT PRAIRIE,WI,42.52479,-87.94735
8900 76TH ST,PLEASANT PRAIRIE,WI,42.56532,-87.91486
10160 OLD GREEN BAY RD,PLEASANT PRAIRIE,WI,42.52509,-87.89041
10451 72ND AVE,PLEASANT PRAIRIE,WI,42.5225,-87.89409
2511 PLOVER RD,PLOVER,WI,44.45287,-89.5412
1900 POST RD,PLOVER,WI,44.46927,-89.5457
5339 HARDING AVE,PLOVER,WI,44.4275,-89.51578
2480 EASTERN AVE,PLYMOUTH,WI,43.74766,-87.9518
1925 NEW PINERY RD,PORTAGE,WI,43.55385,-89.46736
1223 E WISCONSIN ST,PORTAGE,WI,43.53359,-89.44254
2970 NEW PINERY RD,PORTAGE,WI,43.57194,-89.47052
211 S MARQUETTE RD,PRAIRIE DU CHIEN,WI,43.04985,-91.14135
37947 SELCH RD,PRAIRIE DU CHIEN,WI,43.01794,-91.11128
2850 PRAIRIE ST,PRAIRIE DU SAC,WI,43.29532,-89.75838
1200 HENRY ST,PRESCOTT,WI,44.76016,-92.79134
303 S FULTON ST,PRINCETON,WI,43.84821,-89.12315
717 S WISCONSIN ST,PULASKI,WI,44.66673,-88.22892
549 W BANNERMAN AVE,REDGRANITE,WI,44.04419,-89.10807
101 S ALBERT AVE,REEDSBURG,WI,43.53222,-90.01666
1690 E MAIN ST,REEDSBURG,WI,43.53224,-89.98501
235 S EISENHOWER PKWY,RHINELANDER,WI,45.63565,-89.3805
1539 N STEVENS ST,RHINELANDER,WI,45.65592,-89.39888
2851 DECKER DR,RICE LAKE,WI,45.47389,-91.75416
1821 S MAIN ST,RICE LAKE,WI,45.48129,-91.73353
220 W KNAPP ST,RICE LAKE,WI,45.50833,-91.73944
2900 STATE ROAD 167,RICHFIELD,WI,43.25188,-88.18449
378 W SEMINARY ST,RICHLAND CENTER,WI,43.3349,-90.38702
2393 US HIGHWAY 14 E,RICHLAND CENTER,WI,43.31485,-90.35114
1123 W FOND DU LAC ST,RIPON,WI,43.85379,-88.86175
545 E FOND DU LAC ST,RIPON,WI,43.83827,-88.8286
1200 S MAIN ST,RIVER FALLS,WI,44.84472,-92.62805
1238 N MAIN ST,RIVER FALLS,WI,44.87278,-92.62083
1536 CEMETERY RD,RIVER FALLS,WI,44.84056,-92.60444
1080 WILKENS WAY,ROBERTS,WI,44.96382,-92.56006
2072 US HIGHWAY 8,SAINT CROIX FALLS,WI,45.39705,-92.5848
7640 ANTIOCH RD,SALEM,WI,42.56592,-88.11593
110 PHILLIPS BLVD,SAUK CITY,WI,43.27053,-89.72288
750 E GREEN BAY AVE,SAUKVILLE,WI,43.3853,-87.92954
1020 S MAINLINE DR,SEYMOUR,WI,44.50134,-88.31953
1241 E GREEN BAY ST,SHAWANO,WI,44.78222,-88.58111
1618 CALUMET DR,SHEBOYGAN,WI,43.76226,-87.72314
7002 SAUK TRAIL RD,SHEBOYGAN,WI,43.67446,-87.75823
2033 NORTH AVE,SHEBOYGAN,WI,43.77343,-87.73375
625 S TAYLOR DR,SHEBOYGAN,WI,43.74986,-87.74601
2622 S BUSINESS DR,SHEBOYGAN,WI,43.72664,-87.73483
4220 COUNTY ROAD J,SHEBOYGAN,WI,43.79074,-87.76171
1526 BROADWAY AVE,SHEBOYGAN,WI,43.73602,-87.72583
1000 N MAIN ST,SHEBOYGAN FALLS,WI,43.74676,-87.82069
1200 E COMMERCE BLVD,SLINGER,WI,43.32527,-88.25961
726 HIGHWAY 35,SOMERSET,WI,45.12568,-92.67029
1014 S BLACK RIVER ST,SPARTA,WI,43.93311,-90.82067
1751 E WISCONSIN ST,SPARTA,WI,43.94029,-90.78625
410 S PACIFIC ST,SPENCER,WI,44.7535,-90.29152
201 W MAPLE ST,SPOONER,WI,45.82278,-91.89166
W7140 GREEN VALLEY RD,SPOONER,WI,45.80818,-91.89944
105 E MAPLE ST,STANLEY,WI,44.95898,-90.93761
5311 OLD HIGHWAY 18,STEVENS POINT,WI,44.5219,-89.52476
2830 CHURCH ST,STEVENS POINT,WI,44.50917,-89.57083
3533 STANLEY ST,STEVENS POINT,WI,44.53639,-89.54984
3258 CHURCH ST,STEVENS POINT,WI,44.50229,-89.56588
1600 MARIA DR,STEVENS POINT,WI,44.53431,-89.57563
202 MAIN ST,STODDARD,WI,43.66402,-91.21865
517 W MAIN ST,STOUGHTON,WI,42.91649,-89.22683
1359 US HIGHWAY 51,STOUGHTON,WI,42.91977,-89.25175
1231 E MAIN ST,STOUGHTON,WI,42.91822,-89.20579
1639 EGG HARBOR RD,STURGEON BAY,WI,44.85047,-87.35567
901 S DULUTH AVE,STURGEON BAY,WI,44.82035,-87.39946
10500 DURAND AVE,STURTEVANT,WI,42.69888,-87.91564
1252 W MAIN ST,SUN PRAIRIE,WI,43.18044,-89.23373
9 TOWER DR,SUN PRAIRIE,WI,43.19842,-89.21192
1706 WINDSOR ST,SUN PRAIRIE,WI,43.18775,-89.2418
2599 IRONWOOD DR,SUN PRAIRIE,WI,43.18444,-89.2638
623 HAMMOND AVE,SUPERIOR,WI,46.73074,-92.09834
1419 BANKS AVE,SUPERIOR,WI,46.7213,-92.10629
918 BELKNAP ST,SUPERIOR,WI,46.72032,-92.09245
3027 E 2ND ST,SUPERIOR,WI,46.69773,-92.03523
6007 TOWER AVE,SUPERIOR,WI,46.66657,-92.10527
2807 TOWER AVE,SUPERIOR,WI,46.70606,-92.10458
2128 E 2ND ST,SUPERIOR,WI,46.70676,-92.0481
W250N5279 BUSINESS DR,SUSSEX,WI,43.11248,-88.24768
N67W27619 SILVER SPRING DR,SUSSEX,WI,43.1411,-88.29579
103 E HILL ST,THORP,WI,44.95312,-90.79964
124 W MCCOY BLVD,TOMAH,WI,44.0185,-90.50658
1504 SUPERIOR AVE,TOMAH,WI,43.97248,-90.50431
310 E MCCOY BLVD,TOMAH,WI,44.01746,-90.50153
682 N 4TH ST,TOMAHAWK,WI,45.48157,-89.72763
730 US HIGHWAY 8 63,TURTLE LAKE,WI,45.39431,-92.16179
2107 WASHINGTON ST,TWO RIVERS,WI,44.15303,-87.56803
233 WILDCAT WAY,VERONA,WI,42.98654,-89.55269
7583 W MINERAL POINT RD,VERONA,WI,43.05995,-89.57575
2145 COUNTY ROAD PB,VERONA,WI,42.97112,-89.51296
400 E VERONA AVE,VERONA,WI,42.99237,-89.52951
603 S MAIN ST,VIROQUA,WI,43.5506,-90.8884
1301 N MAIN ST,VIROQUA,WI,43.57522,-90.8881
230 W SUMMIT AVE,WALES,WI,43.01285,-88.38192
415 N WALES RD,WALES,WI,43.01108,-88.3848
115 PORTLAND RD,WATERLOO,WI,43.18468,-88.98186
1184 N 4TH ST,WATERTOWN,WI,43.20718,-88.70805
900 W MAIN ST,WATERTOWN,WI,43.19821,-88.74273
1731 S CHURCH ST,WATERTOWN,WI,43.17024,-88.73171
924 FLEETFOOT DR,WAUKESHA,WI,42.99482,-88.20146
1700 PEWAUKEE RD,WAUKESHA,WI,43.0263,-88.22648
910 W SAINT PAUL AVE,WAUKESHA,WI,43.00724,-88.24521
433 W SUNSET DR,WAUKESHA,WI,42.9875,-88.23527
1809 W SAINT PAUL AVE,WAUKESHA,WI,42.99621,-88.25912
2530 N GRANDVIEW BLVD,WAUKESHA,WI,43.03914,-88.25655
W229N2086 REDFORD BLVD,WAUKESHA,WI,43.05892,-88.2046
21980 WATERTOWN RD,WAUKESHA,WI,43.04963,-88.18555
2106 S WEST AVE,WAUKESHA,WI,42.97606,-88.23675
2302 E MORELAND BLVD,WAUKESHA,WI,43.03102,-88.18097
2807 RIVER VALLEY RD,WAUKESHA,WI,42.97898,-88.27241
1350 WATER WHEEL DR,WAUNAKEE,WI,43.16838,-89.46093
208 E MAIN ST,WAUNAKEE,WI,43.19164,-89.45247
5420 WILLOW RD,WAUNAKEE,WI,43.15113,-89.41376
226 W FULTON ST,WAUPACA,WI,44.3582,-89.08685
106 COUNTY ROAD QQ,WAUPACA,WI,44.35514,-89.11893
3 SHALER DR,WAUPUN,WI,43.63272,-88.71685
800 W MAIN ST,WAUPUN,WI,43.63349,-88.74907
3853 N 6TH ST,WAUSAU,WI,44.99535,-89.61799
200 E KENT ST,WAUSAU,WI,44.93481,-89.61476
1041 S 3RD AVE,WAUSAU,WI,44.94889,-89.63833
2950 STEWART AVE,WAUSAU,WI,44.95731,-89.67365
2215 N 6TH ST,WAUSAU,WI,44.97413,-89.62311
1440 W CAMPUS DR,WAUSAU,WI,44.98812,-89.65213
310 GRAND AVE,WAUSAU,WI,44.95449,-89.6249
1415 WEST ST,WAUSAU,WI,44.95364,-89.65495
207 CENTRAL BRIDGE ST,WAUSAU,WI,44.96905,-89.63468
225451 RIB MOUNTAIN DR,WAUSAU,WI,44.91426,-89.64833
935 E MAIN ST,WAUTOMA,WI,44.06956,-89.27095
11712 W NORTH AVE,WAUWATOSA,WI,43.06028,-88.05916
10923 W LAPHAM ST,WEST ALLIS,WI,43.01344,-88.04838
1750 S SILVERBROOK DR,WEST BEND,WI,43.3993,-88.18907
1625 W WASHINGTON ST,WEST BEND,WI,43.42678,-88.19873
806 S MAIN ST,WEST BEND,WI,43.41192,-88.1819
1280 E PARADISE DR,WEST BEND,WI,43.39812,-88.16156
1580 E WASHINGTON ST,WEST BEND,WI,43.42705,-88.15881
341 JEFFERSON ST E,WEST SALEM,WI,43.89374,-91.07721
985 W CITY HIGHWAY 16,WEST SALEM,WI,43.8985,-91.09986
7605 SCHOFIELD AVE,WESTON,WI,44.90029,-89.52808
3207 SCHOFIELD AVE,WESTON,WI,44.90417,-89.58333
4103 BARBICAN AVE,WESTON,WI,44.89808,-89.57186
5603 BUSINESS HIGHWAY 51 S,WESTON,WI,44.90566,-89.60563
36281 MAIN ST,WHITEHALL,WI,44.36768,-91.31721
305 ELKHORN RD,WHITEWATER,WI,42.83001,-88.70938
837 S JANESVILLE ST,WHITEWATER,WI,42.82173,-88.74645
531 HIGHWAY 128,WILSON,WI,44.93511,-92.19572
4301 WINDSOR RD,WINDSOR,WI,43.21635,-89.3293
6325 PEPSI WAY,WINDSOR,WI,43.19406,-89.33697
905 E MAIN ST,WINNECONNE,WI,44.11156,-88.69721
1013 BROADWAY,WISCONSIN DELLS,WI,43.62812,-89.76262
420 STATE HIGHWAY 13,WISCONSIN DELLS,WI,43.62412,-89.78957
532 W MUNROE AVE,WISCONSIN DELLS,WI,43.58875,-89.8062
1111 LINCOLN ST,WISCONSIN RAPIDS,WI,44.38111,-89.8221
4611 8TH ST S,WISCONSIN RAPIDS,WI,44.35277,-89.8163
2520 W GRAND AVE,WISCONSIN RAPIDS,WI,44.39755,-89.85543
3030 PLOVER RD,WISCONSIN RAPIDS,WI,44.40674,-89.78896
321 BRIDGE ST,WONEWOC,WI,43.68148,-90.26565
